<?xml version="1.0" encoding="UTF-8"?>
<project-private xmlns="http://www.netbeans.org/ns/project-private/1">
    <editor-bookmarks xmlns="http://www.netbeans.org/ns/editor-bookmarks/2" lastBookmarkId="0"/>
    <open-files xmlns="http://www.netbeans.org/ns/projectui-open-files/2">
        <group>
            <file>file:/Users/apple/Downloads/employee_java/src/homeEmp.java</file>
            <file>file:/Users/apple/Downloads/employee_java/src/operations.java</file>
            <file>file:/Users/apple/Downloads/employee_java/src/addEmployee.java</file>
            <file>file:/Users/apple/Downloads/employee_java/src/home.java</file>
            <file>file:/Users/apple/Downloads/employee_java/src/operationsEmployee.java</file>
        </group>
    </open-files>
</project-private>
